{
    "name": "the whisperer",
    "description": "a demon, the mastermind of hell, lucifers right hand, a powerful being from hell",
    "powers": [
        "b:immortal",
        "b:mastermind",
        "b:no_armor",
        "b:regen",
        "b:superhuman",
        "b:telekinesis",
        "b:forward",
        "t:oggle",
        "b:rage",
        "b:speed",
        "b:up",
        "b:sw",
        "b:particles",
        "b:particles_",
        "b:particles__",
        "b:particles___"
    ],
    "icon": {
        "item": "minecraft:emerald"
    },
    "order": 5,
    "impact": 3
}