{
    "name": "immortal",
    "description": "As a demon, you are immortal, tho on death, you get stunned for a few seconds, lose some hunger and get sent to the nether\n",
    "type": "origins:prevent_death",
    "entity_action": {
        "type": "origins:and",
        "actions": [
            {
                "type": "origins:apply_effect",
                "effects": [
                    {
                        "effect": "weakness",
                        "duration": 200,
                        "amplifier": 3,
                        "show_particles": true,
                        "show_icon": true
                    },
                    {
                        "effect": "blindness",
                        "duration": 200,
                        "amplifier": 0,
                        "show_particles": true,
                        "show_icon": true
                    },
                    {
                        "effect": "slowness",
                        "duration": 200,
                        "amplifier": 20,
                        "show_particles": true,
                        "show_icon": true
                    },
                    {
                        "effect": "hunger",
                        "duration": 200,
                        "amplifier": 5,
                        "show_particles": true,
                        "show_icon": true
                    }
                ]
            },
            {
                "type": "origins:execute_command",
                "command": "/execute in the_nether run tp @s ~ 69 ~"
            }
        ]
    }
}