{
    "name": "mastermind",
    "description": "You are very charming, and lucky",
    "type": "origins:action_over_time",
    "interval": 1,
    "entity_action": {
        "type": "origins:apply_effect",
        "effects": [
            {
                "effect": "luck",
                "duration": 5,
                "amplifier": 2,
                "show_particles": false,
                "show_icon": false
            },
            {
                "effect": "hero_of_the_village",
                "duration": 5,
                "amplifier": 2,
                "show_particles": false,
                "show_icon": false
            }
        ]
    }
}