{
    "hidden": true,
    "condition": {
        "type": "origins:power_active",
        "power": "t:oggle"
    },
    "type": "origins:action_over_time",
    "interval": 1,
    "entity_action": {
        "type": "origins:apply_effect",
        "effects": [
            {
                "effect": "strength",
                "duration": 5,
                "amplifier": 3,
                "show_particles": true,
                "show_icon": true
            },
            {
                "effect": "resistance",
                "duration": 5,
                "amplifier": 3,
                "show_particles": true,
                "show_icon": true
            },
            {
                "effect": "speed",
                "duration": 5,
                "amplifier": 2,
                "show_particles": true,
                "show_icon": true
            },
            {
                "effect": "wither",
                "duration": 5,
                "amplifier": 2,
                "show_particles": true,
                "show_icon": true
            }
        ]
    }
}