{
    "name": "Telekinesis",
    "description": "You can move entities using the power of your mind!",
    "type": "origins:multiple",
    "tag": {
        "type": "origins:active_self",
        "entity_action": {
            "type": "origins:raycast",
            "distance": 4,
            "block": false,
            "entity": true,
            "shape_type": "outline",
            "fluid_handling": "any",
            "bientity_action": {
                "type": "origins:target_action",
                "action": {
                    "type": "origins:execute_command",
                    "command": "tag @s add Grabbed"
                }
            }
        },
        "cooldown": 0,
        "key": {
            "key": "key.origins.primary_active",
            "continuous": true
        }
    },
    "hold": {
        "type": "origins:active_self",
        "entity_action": {
            "type": "origins:execute_command",
            "command": "tp @e[tag=Grabbed] ^ ^1 ^3.5"
        },
        "cooldown": 0,
        "key": {
            "key": "key.origins.primary_active",
            "continuous": true
        }
    },
    "un-tag": {
        "type": "origins:action_over_time",
        "interval": 10,
        "entity_action": {
            "type": "origins:execute_command",
            "command": "tag @e[distance=..5] remove Grabbed"
        }
    }
}